time,vehicle x-position,vehicle y-position,vehicle z-position,velocity (m/s),revolutions per minute,roll (radians),pitch (radians),yaw (radians),water temperature (Celsius),velocity (m/s),rotation of the steering wheel,throttle,brake,clutch,airspeed,airflow speed,altitude,reverse,throttle,
0.012500000186265,-597.88379748346,153.22119045093,0.27850260997138,0.0015602756792241,765.99122916402,0.0014931163750589,-0.0033279117196798,1.8853908777237,80.105484950379,0.0015602756792241,-0,0,0.3,1,0.0026540579699477,0.0001110719543176,0.27850345821593,0,0,
0.025500000454485,-597.88379697366,153.22118386837,0.27850407687998,0.0042791818088007,765.53298726588,0.0015010356437415,-0.0033247063402086,1.8853815793991,80.105524650941,0.0042791818088007,-0,0,0.3,1,0.0029790827413301,0.00010404388688913,0.27850360513857,0,0,
0.038500000722706,-597.88379595103,153.22118007134,0.27850561277785,0.00073350930751341,766.24636913275,0.0015075290575624,-0.0033280979841948,1.885378241539,80.105567369577,0.00073350930751341,1.2846866427805e-11,0,0.3,1,0.0025299680435268,0.00011121663514758,0.27850401473944,0,0,
0.057500001974404,-597.88379710841,153.22118274835,0.27850543670627,0.0043147601875813,765.6005823036,0.0015002815052867,-0.0033305815886706,1.8853877782822,80.105605702046,0.0043147601875813,-0,0,0.3,1,0.0028869264771925,0.0001150375345219,0.27850423513178,0,0,
0.076000002212822,-597.8837997619,153.22118958352,0.27850550260342,0.001468040189114,763.87116640065,0.0014926071744412,-0.0033257221803069,1.8853912353516,80.105664923077,0.001468040189114,-0,0,0.3,1,0.0026031492381353,0.00012073921886441,0.2785045366154,0,0,
0.094500002451241,-597.88379772961,153.22117967692,0.27850721038554,0.00060851943191283,762.12837586978,0.0015072890091687,-0.0033274285960943,1.8853778839111,80.1056647084,0.00060851943191283,-0,0,0.3,1,0.0022042232741413,0.00012239383582346,0.27850509370692,0,0,
0.11250000353903,-597.88379919101,153.22118832888,0.27850448050262,0.0021034748668927,763.25545353185,0.0014926395379007,-0.0033317615743726,1.8853936195374,80.105676143936,0.0021034748668927,1.1623355339443e-11,0,0.3,1,0.0021840735572425,0.00011203121805447,0.27850494929415,0,0,
0.13000000361353,-597.88379704126,153.22118124587,0.27850559010344,0.0025444157990455,762.0677721277,0.0015047455672175,-0.0033279450144619,1.8853785991669,80.105693553614,0.0025444157990455,-0,0,0.3,1,0.0022561420221655,0.00010087349432055,0.27850509602437,0,0,
0.14800000470132,-597.88379796379,153.221189719,0.27850638561164,0.00088604714220925,760.50804419822,0.0014918660745025,-0.0033312335144728,1.8853930234909,80.105726017416,0.00088604714220925,-0,0,0.3,1,0.0019821230346024,0.00010664368160349,0.27850536838062,0,0,
0.16500000562519,-597.88379538845,153.22118082136,0.27850700717581,0.0011612030080944,761.58588727072,0.0015067069325596,-0.0033297822810709,1.8853780031204,80.105764984553,0.0011612030080944,-0,0,0.3,1,0.0018179390319186,0.00010305192114311,0.27850571739584,0,0,
0.18250000569969,-597.88379637096,153.22119055068,0.27850449082086,0.0025533763432671,763.06877771829,0.0014925384894013,-0.003329943632707,1.8853899240494,80.105796147744,0.0025533763432671,-0,0,0.3,1,0.0019650264993706,0.00011736122073598,0.27850553765225,0,0,
0.19950000662357,-597.88379309168,153.22118297937,0.27850556535773,0.0040417534760437,762.04365751799,0.0015019112033769,-0.0033346598502249,1.8853850364685,80.105842281986,0.0040417534760437,-0,0,0.3,1,0.0023803718482275,0.00012403736971406,0.27850547730389,0,0,
0.21650000754744,-597.88379452211,153.22118591571,0.27850525084759,0.0045799828629451,763.12599147646,0.0014981232816353,-0.0033269906416535,1.8853826522827,80.105886937309,0.0045799828629451,1.7740910781255e-11,0,0.3,1,0.0028202940226451,0.00011245758816902,0.27850547670891,0,0,
0.23400000762194,-597.88379452302,153.22119043295,0.27850335601893,0.0018090681162894,762.06773469906,0.0014925706200302,-0.0033327513374388,1.8853930234909,80.105934841898,0.0018090681162894,-6.1175554418121e-12,0,0.3,1,0.0026180488462308,0.00011073660412766,0.27850502323763,0,0,
0.25200000870973,-597.8837927453,153.22118179286,0.27850477581137,0.00051993804060037,760.50803683649,0.0015068571083248,-0.0033302044030279,1.8853777647018,80.105986678559,0.00051993804060037,-6.1175554418121e-12,0,0.3,1,0.002198426679036,0.00010812415702006,0.27850500020707,0,0,
0.26950000878423,-597.88379494038,153.2211911225,0.27850117617758,0.00052730972568814,761.58588600159,0.0014928861055523,-0.0033317015040666,1.8853920698166,80.106033140746,0.00052730972568814,-6.1175554418121e-12,0,0.3,1,0.0018642032871234,0.00011641908195963,0.2785042665269,0,0,
0.28700000885874,-597.88379234513,153.22118176292,0.27850094435482,0.0017272599909932,760.45073169408,0.001507205888629,-0.0033323466777802,1.8853794336319,80.106071205929,0.0017272599909932,-6.1175554418121e-12,0,0.3,1,0.0018368146198412,0.00011953652596976,0.27850360805718,0,0,
0.30350000876933,-597.88379503276,153.22119095438,0.27849968997995,0.0028772261416842,761.56251526973,0.0014932902995497,-0.0033300211653113,1.8853892087936,80.106118005497,0.0028772261416842,-6.1175554418121e-12,0,0.3,1,0.0020448969157473,0.00012835905672378,0.27850288458608,0,0,
0.32000000867993,-597.88379372092,153.22118802943,0.27849851813446,0.0038054020814705,760.54771147711,0.0014949052128941,-0.0033348936121911,1.8853923082352,80.106160436895,0.0038054020814705,-6.1175554418121e-12,0,0.3,1,0.0023969979727317,0.00011561320235935,0.27850194222086,0,0,
0.33650000859052,-597.88379248559,153.22118180963,0.27850033032906,0.00096304747346094,759.09309786971,0.0015073866816238,-0.0033311676234007,1.8853781223297,80.106214057509,0.00096304747346094,1.529388860453e-11,0,0.3,1,0.0021102078657524,0.00011525867180792,0.2785016234426,0,0,
0.35250000935048,-597.88379471706,153.221188437,0.27849873868612,0.0043943804152352,760.01214489629,0.0014951267512515,-0.0033278062473983,1.8853855133057,80.106264503737,0.0043943804152352,-0,0,0.3,1,0.0025670423677505,0.00011551488704195,0.27850111212002,0,0,
0.36850001011044,-597.88379427405,153.22119164354,0.27849601826215,0.00030775249544809,759.02712967719,0.0014929603785276,-0.0033331857994199,1.8853920698166,80.106309449789,0.00030775249544809,-0,0,0.3,1,0.0021151843919763,0.00012250375401626,0.27850011297597,0,0,
0.3845000108704,-597.88379306042,153.2211866041,0.27849825129098,0.004357937718831,757.62469682028,0.0014965960290283,-0.0033363059628755,1.8853908777237,80.106359730594,0.004357937718831,-0,0,0.3,1,0.0025637350582607,0.00011876285569967,0.2784996534072,0,0,
0.4000000115484,-597.88379196566,153.22118178969,0.27849850233952,0.0016359046303195,758.48668244901,0.001507731154561,-0.0033342610113323,1.8853791952133,80.10640701505,0.0016359046303195,1.0399844251081e-11,0,0.3,1,0.0023781689779532,0.00012108607682579,0.27849945264519,0,0,
0.4155000122264,-597.88379319588,153.22118350711,0.278496034376,0.003023862181196,759.80608939461,0.0015037256525829,-0.0033324235118926,1.8853793144226,80.106449094211,0.003023862181196,-0,0,0.3,1,0.0025073076104132,0.0001161668198123,0.2784988032775,0,0,
0.43100001290441,-597.88379469772,153.2211880389,0.27849627195229,0.0046035288552853,758.99152880839,0.0014954879879951,-0.0033307636622339,1.8853853940964,80.106496181443,0.0046035288552853,-0,0,0.3,1,0.0029265518649922,0.00011338882988303,0.2784983255066,0,0,
0.44600001350045,-597.8837954669,153.22119085763,0.27849664108689,0.0018372888332069,759.92679660884,0.0014937180094421,-0.0033327485434711,1.8853904008865,80.106544972238,0.0018372888332069,-0,0,0.3,1,0.0027086992608736,0.0001180916245476,0.2784980565387,0,0,
0.4610000140965,-597.88379600994,153.22119067141,0.27849480453258,0.00042773823595083,761.21715080181,0.0014932292979211,-0.0033356349449605,1.8853925466537,80.106589801128,0.00042773823595083,-0,0,0.3,1,0.0022525070566035,0.00011937632686244,0.27849742413187,0,0,
0.47550001461059,-597.88379645524,153.22118906194,0.27849548204236,0.0025054379054666,760.46754466735,0.0014935655053705,-0.0033367164433002,1.8853936195374,80.106639272316,0.0025054379054666,9.7880887068993e-12,0,0.3,1,0.0023030932326095,0.00010406697071917,0.27849698377152,0,0,
0.49000001512468,-597.88379704452,153.22118829683,0.27849701543485,0.0027965974375687,761.30283793774,0.0014939744723961,-0.0033365406561643,1.8853936195374,80.106688291436,0.0027965974375687,9.7880887068993e-12,0,0.3,1,0.0024017940952809,9.3656525403749e-05,0.27849694142738,0,0,
0.50450001563877,-597.88379736323,153.2211876013,0.27849590763932,0.0031516302009638,760.50176872176,0.0014945524744689,-0.0033365073613822,1.8853932619095,80.1067385157,0.0031516302009638,6.1175554418121e-13,0,0.3,1,0.0025517612865116,7.6085223425995e-05,0.27849668105443,0,0,
0.51900001615286,-597.88379812293,153.22118701222,0.27849719151192,0.0034544580833833,759.26951956735,0.0014941771514714,-0.0033361301757395,1.8853932619095,80.106788537088,0.0034544580833833,6.1175554418121e-13,0,0.3,1,0.0027323006694701,7.0608378780028e-05,0.27849670521418,0,0,
0.53350001666695,-597.88379839986,153.22118635561,0.27849853256734,0.0036261665723848,759.97151135025,0.0014945883303881,-0.0033372098114341,1.8853927850723,80.106835804334,0.0036261665723848,6.1175554418121e-13,0,0.3,1,0.0029110738575855,7.3887611133289e-05,0.27849700468381,0,0,
0.54750001709908,-597.8837981055,153.22118570455,0.278497379181,0.0038774251798377,759.13071481566,0.0014958172105253,-0.0033374761696905,1.8853923082352,80.106880919422,0.0038774251798377,6.1175554418121e-13,0,0.3,1,0.0031043441061993,7.0341188685883e-05,0.27849699988047,0,0,
0.56150001753122,-597.88379838287,153.22118704903,0.27849830048615,0.0031845888232505,757.943769682,0.0014943643473089,-0.0033366708084941,1.8853933811188,80.106924526759,0.0031845888232505,6.1175554418121e-13,0,0.3,1,0.0031203930101648,6.8912310868992e-05,0.27849718677266,0,0,
0.57550001796335,-597.88379878122,153.22118827159,0.27850010267029,0.0022119857028614,756.64902534054,0.0014924688730389,-0.0033366559073329,1.8853931427002,80.10696943559,0.0022119857028614,6.1175554418121e-13,0,0.3,1,0.0029387115369225,7.7435497294479e-05,0.27849772371661,0,0,
0.58950001839548,-597.8837988372,153.22118920733,0.27850018029635,0.0010112956729268,755.32331105594,0.0014924150891602,-0.0033358277287334,1.8853931427002,80.107010932606,0.0010112956729268,6.1175554418121e-13,0,0.3,1,0.0025532283714898,8.3993405626022e-05,0.27849821287641,0,0,
0.60350001882762,-597.88379870466,153.22118969287,0.27849983482871,0.00043520066902963,755.93850264042,0.0014933210331947,-0.0033357536885887,1.8853923082352,80.10705038994,0.00043520066902963,6.1175554418121e-13,0,0.3,1,0.0021296228302676,9.2526282345583e-05,0.278498562481,0,0,
0.61700001917779,-597.88379825226,153.22118991509,0.27849956971261,0.0017345102206519,757.07599127501,0.0014924359275028,-0.0033356663770974,1.8853912353516,80.107087847746,0.0017345102206519,6.1175554418121e-13,0,0.3,1,0.0020506003003222,0.00010336622313033,0.27849881236235,0,0,
0.63050001952797,-597.88379753682,153.22118805501,0.27849979340598,0.004156633652809,758.29811042854,0.0014945219736546,-0.00333316414617,1.8853871822357,80.107124166654,0.004156633652809,6.1175554418121e-13,0,0.3,1,0.0024718069894335,0.00010732889950383,0.27849905995114,0,0,
0.64400001987815,-597.8837965555,153.22118441771,0.27850006877239,0.0043404440052285,759.56561039889,0.0014988429611549,-0.0033324309624732,1.8853824138641,80.10716534889,0.0043404440052285,1.1623355339443e-11,0,0.3,1,0.0028455343435781,9.5806487661951e-05,0.2784992878245,0,0,
0.65700002014637,-597.88379541388,153.22118133306,0.27850086283764,0.0021035839526971,760.8465790523,0.0015051094815135,-0.0033331401646137,1.8853783607483,80.107207701191,0.0021035839526971,1.1623355339443e-11,0,0.3,1,0.0026971442523064,9.0275216789955e-05,0.2784996191348,0,0,
0.67050002049655,-597.88379504974,153.22118136868,0.27850187076072,0.0032775553694861,760.33977947717,0.001504861167632,-0.0033358780201524,1.8853826522827,80.107249725118,0.0032775553694861,-0,0,0.3,1,0.0028132264700253,9.9992151488954e-05,0.27850003319465,0,0,
0.68350002076477,-597.88379640155,153.22118441681,0.27850188070818,0.0043989044449007,761.1024428763,0.0014971391065046,-0.0033352945465595,1.885390162468,80.107298093412,0.0043989044449007,-0,0,0.3,1,0.0031303620310501,0.00010028773049158,0.27850032867974,0,0,
0.69650002103299,-597.88379785437,153.22118936479,0.27850038989681,0.0016929490529932,762.18253581084,0.0014926792355254,-0.0033334237523377,1.8853936195374,80.107339309867,0.0016929490529932,-0,0,0.3,1,0.0028428794439882,9.6704557508023e-05,0.27850032664924,0,0,
0.70950002130121,-597.88379840219,153.2211895128,0.27849963667791,0.0029587216806258,763.37270714426,0.0014926281291991,-0.0033286437392235,1.8853894472122,80.107384134325,0.0029587216806258,-0,0,0.3,1,0.0028660478980095,0.00011088331043648,0.27850024157833,0,0,
0.72250002156943,-597.88379780241,153.22118402331,0.27850057559306,0.0042760364548629,762.86756428598,0.001499226433225,-0.0033258690964431,1.885381937027,80.107429622977,0.0042760364548629,-0,0,0.3,1,0.0031480456685126,0.00010634585862223,0.27850032849368,0,0,
0.73600002191961,-597.88379632639,153.2211801153,0.27850200100006,0.00045000138121873,761.84847890509,0.0015066470950842,-0.0033284977544099,1.8853783607483,80.10747607413,0.00045000138121873,1.5905644148711e-11,0,0.3,1,0.0026084368126609,0.00010954071776429,0.27850066624687,0,0,
0.74900002218783,-597.88379678967,153.22118074527,0.27850302647164,0.0032448530611157,762.45173659323,0.0015044163446873,-0.0033298924099654,1.8853832483292,80.107522546539,0.0032448530611157,6.1175554418121e-13,0,0.3,1,0.002735720072698,0.00011900111050401,0.27850110930288,0,0,
0.76250002253801,-597.88379832371,153.22118594286,0.27850183546215,0.0039352802056587,761.75696651743,0.001495328033343,-0.0033313122112304,1.885392665863,80.107562421176,0.0039352802056587,6.1175554418121e-13,0,0.3,1,0.0029756321093531,0.00010626521523039,0.2785011776454,0,0,
0.77550002280623,-597.88379889785,153.22118880424,0.27850189573127,0.001628911581958,760.62564588419,0.0014925717841834,-0.0033292316365987,1.8853937387466,80.107608862225,0.001628911581958,-0,0,0.3,1,0.0027062880051507,0.00010069465626579,0.27850128000313,0,0,
0.78850002307445,-597.88379908282,153.22118894652,0.27850328001344,0.0030627716921848,761.17315855532,0.0014932021731511,-0.0033253596629947,1.8853892087936,80.107648251013,0.0030627716921848,-0,0,0.3,1,0.0027775847773401,0.00010815917442898,0.27850173739858,0,0,
0.80200002342463,-597.88379785338,153.22118378777,0.27850294108714,0.0042421714543819,762.20379058719,0.0014988875482231,-0.0033253983128816,1.885381937027,80.107689744115,0.0042421714543819,-0,0,0.3,1,0.003070502035421,9.48803564354e-05,0.27850201986843,0,0,
0.81500002369285,-597.88379618647,153.22118064859,0.27850328425848,0.0017206958278704,761.60459806963,0.0015067661879584,-0.0033270365092903,1.8853780031204,80.107733876814,0.0017206958278704,1.0399844251081e-11,0,0.3,1,0.002800540779612,9.1584203727146e-05,0.27850228756757,0,0,
0.82800002396107,-597.88379535176,153.2211812209,0.27850524757581,0.0035869436846725,762.30014556591,0.0015040810685605,-0.0033308879937977,1.8853830099106,80.107773939921,0.0035869436846725,-0,0,0.3,1,0.0029578213690869,0.00010777646451505,0.27850283551288,0,0,
0.84150002431124,-597.88379638974,153.2211865969,0.27850520167186,0.0037674460738949,763.37498492917,0.0014944875147194,-0.0033313345629722,1.8853925466537,80.107816108384,0.0037674460738949,-0,0,0.3,1,0.0031197463250976,0.0001089018667225,0.27850323810635,0,0,
0.85450002457947,-597.88379674537,153.22118958178,0.27850371057735,0.0014866042071909,764.62083569712,0.0014926462899894,-0.003329892642796,1.8853933811188,80.107860116535,0.0014866042071909,-0,0,0.3,1,0.0027931179037524,0.00010751868885411,0.27850331580208,0,0,
0.86800002492964,-597.88379683076,153.22118969934,0.27850432185338,0.0032652974477334,765.83782594059,0.0014932102058083,-0.003324945922941,1.8853888511658,80.107900332767,0.0032652974477334,-0,0,0.3,1,0.0028875538242028,0.0001160206888732,0.278503574654,0,0,
0.88100002519786,-597.88379648536,153.22118659469,0.27850605125475,0.0046238318333688,765.29931893574,0.0014957921812311,-0.0033238404430449,1.8853846788406,80.107947534658,0.0046238318333688,-0,0,0.3,1,0.0032348094024492,0.00010738574236068,0.27850410956107,0,0,
0.89400002546608,-597.88379509028,153.22118111671,0.27850726040899,0.0016872797225843,764.51528061008,0.0015056602424011,-0.0033249880652875,1.8853775262833,80.107991006082,0.0016872797225843,1.2846866427805e-11,0,0.3,1,0.0029253034558729,0.0001046302920316,0.27850475802392,0,0,
0.90700002573431,-597.88379520289,153.22118159245,0.27850769858284,0.0035410458040668,765.14141786089,0.0015036158729345,-0.0033286914695054,1.8853834867477,80.108036737853,0.0035410458040668,1.2235110883624e-12,0,0.3,1,0.003048451929139,0.00011441862640374,0.27850531255698,0,0,
0.92000002600253,-597.88379710089,153.22118684117,0.27850608619048,0.0037279159038578,766.19412101253,0.0014939003158361,-0.0033297489862889,1.8853929042816,80.108080446672,0.0037279159038578,1.2235110883624e-12,0,0.3,1,0.0031843447292373,9.9228228766205e-05,0.27850539855557,0,0,
0.93300002627075,-597.88379801473,153.22118998551,0.27850493455696,0.00046699882821987,765.65130804097,0.0014930705074221,-0.0033267321996391,1.8853923082352,80.108125535881,0.00046699882821987,-0,0,0.3,1,0.0026408755516194,0.00010501778694165,0.27850533622421,0,0,
0.94600002653897,-597.88379818265,153.22118731911,0.27850602305699,0.0043529769260944,766.34846846438,0.0014948509633541,-0.0033228152897209,1.8853863477707,80.10817167765,0.0043529769260944,-0,0,0.3,1,0.0029832958480364,0.00010674278882336,0.27850552477771,0,0,
0.95900002680719,-597.88379722715,153.22118147443,0.2785063620623,0.0029578541968469,765.69791507329,0.0015032181981951,-0.0033239810727537,1.885379076004,80.108216387928,0.0029578541968469,7.9528220743557e-12,0,0.3,1,0.0029782075158523,0.00010344030415037,0.2785057113833,0,0,
0.97200002707541,-597.8837965483,153.22118027656,0.27850740462527,0.0024711988077531,764.63583271907,0.0015058079734445,-0.0033282185904682,1.8853812217712,80.108262635092,0.0024711988077531,7.9528220743557e-12,0,0.3,1,0.002876805771382,0.00011282348219103,0.27850603352123,0,0,
0.98450002726167,-597.88379821514,153.22118492425,0.27850757450719,0.0042524539815387,763.4486671487,0.0014951322227716,-0.0033297766931355,1.8853915929794,80.108307192288,0.0042524539815387,-0,0,0.3,1,0.0031519353771638,0.00010971399501083,0.2785062554688,0,0,
0.9975000275299,-597.8837994739,153.22118982439,0.27850661747803,0.00099254823961384,763.9134734947,0.0014917266089469,-0.0033264758531004,1.885391831398,80.108348736793,0.00099254823961384,-0,0,0.3,1,0.0027200579622805,0.00011579198562261,0.27850636746174,0,0,
1.0105000277981,-597.88379884434,153.22118667776,0.27850580964937,0.0045619581992869,764.9269245049,0.0014945303555578,-0.0033242057543248,1.8853857517242,80.10839364155,0.0045619581992869,-0,0,0.3,1,0.0030884379504657,0.00011535642741025,0.27850631400494,0,0,
1.0230000279844,-597.88379645974,153.22118140425,0.27850561362074,0.0022536195254448,766.09635733067,0.0015046178596094,-0.0033267692197114,1.8853785991669,80.108435867161,0.0022536195254448,1.1011599795262e-11,0,0.3,1,0.0029214742580383,0.00010657301556513,0.27850619971393,0,0,
1.0360000282526,-597.88379529936,153.22118263431,0.27850579441014,0.0041350466436182,765.63151131464,0.0015010517090559,-0.0033321958035231,1.8853861093521,80.108477569149,0.0041350466436182,1.1011599795262e-11,0,0.3,1,0.003164188730415,0.00011370906855228,0.27850605463695,0,0,
1.0495000286028,-597.88379614969,153.2211883295,0.2785060115242,0.0029511949994952,766.34240298126,0.0014926043804735,-0.003330749925226,1.8853933811188,80.108525712027,0.0029511949994952,-0,0,0.3,1,0.0031215899839074,0.00011070380064252,0.27850598625907,0,0,
1.0635000290349,-597.88379625345,153.22119065936,0.27850571363641,0.00036407224732829,765.64961326071,0.0014913850463927,-0.0033288083504885,1.8853920698166,80.10857058659,0.00036407224732829,-0,0,0.3,1,0.0025700864356297,0.00011697965095333,0.2785059434777,0,0,
1.0770000293851,-597.88379572662,153.22119114317,0.27850607989923,0.0011099259736957,764.58207717698,0.0014910841127858,-0.0033268486149609,1.8853914737701,80.108615424988,0.0011099259736957,-0,0,0.3,1,0.0022780543545117,0.00012498442260866,0.27850600462004,0,0,
1.0910000298172,-597.88379521332,153.22118989205,0.27850662733357,0.003792222728779,765.20640732386,0.0014926414005458,-0.003324935445562,1.8853876590729,80.108654047073,0.003792222728779,9.7880887068993e-12,0,0.3,1,0.0025808880014602,0.00012797396480825,0.27850619062459,0,0,
1.1050000302494,-597.88379439184,153.22118859605,0.27850499748894,0.0043749111962253,764.42501710747,0.0014937533996999,-0.0033251845743507,1.8853857517242,80.108697426627,0.0043749111962253,9.7880887068993e-12,0,0.3,1,0.0029396926166323,0.00012847319184167,0.27850601756315,0,0,
1.1195000307634,-597.88379367363,153.2211870307,0.2785049910154,0.0046872617050313,764.24251135467,0.0014962466666475,-0.0033248865511268,1.8853838443756,80.10873922857,0.0046872617050313,9.7880887068993e-12,0,0.3,1,0.0032892064468429,0.00012043798072221,0.27850584931167,0,0,
1.1335000311956,-597.88379355978,153.22118781453,0.27850459691314,0.0045981288883115,763.17276084202,0.0014950938057154,-0.0033260253258049,1.8853843212128,80.108781336916,0.0045981288883115,9.7880887068993e-12,0,0.3,1,0.0035509908793462,0.00011547743359547,0.27850564914538,0,0,
1.1480000317097,-597.8837935928,153.221186037,0.27850460846521,0.0044885783599168,761.92771494982,0.0014973285142332,-0.0033255715388805,1.8853825330734,80.108818870768,0.0044885783599168,9.7880887068993e-12,0,0.3,1,0.0037385084098552,0.00010684807565409,0.27850547113096,0,0,
1.1620000321418,-597.88379399866,153.22118666118,0.27850343933501,0.004545120038934,762.59978479175,0.0014965822920203,-0.0033264853991568,1.8853833675385,80.108861457512,0.004545120038934,9.7880887068993e-12,0,0.3,1,0.0038998307392279,0.0001059030325175,0.27850510818223,0,0,
1.1760000325739,-597.88379377374,153.22118495606,0.2785017605525,0.0040291838414955,761.80566876513,0.0014988733455539,-0.0033276700414717,1.8853809833527,80.108897871616,0.0040291838414955,6.1175554418121e-13,0,0.3,1,0.0039257013210876,0.00010730710031183,0.27850447211631,0,0,
1.1900000330061,-597.88379342351,153.22118333333,0.27850145159158,0.0031137716285219,762.55489340229,0.0015026803594083,-0.0033286493271589,1.885379076004,80.108940605788,0.0031137716285219,6.1175554418121e-13,0,0.3,1,0.0037633153680592,0.00010508436719522,0.27850389769847,0,0,
1.2040000334382,-597.88379316533,153.22118246891,0.27849973561901,0.0017930906727467,763.72805764901,0.0015042343875393,-0.0033308868296444,1.8853780031204,80.108981627678,0.0017930906727467,6.1175554418121e-13,0,0.3,1,0.0033692704383933,0.00010690593890367,0.27850309841771,0,0,
1.2175000337884,-597.88379296275,153.22118153114,0.278498350284,0.00063328854305577,765.01805062172,0.0015065371990204,-0.0033317944034934,1.8853781223297,80.109023524444,0.00063328854305577,6.1175554418121e-13,0,0.3,1,0.0028220740555373,0.00011273129123067,0.27850217289082,0,0,
1.2310000341386,-597.88379286064,153.22118219339,0.27849847685007,0.0030062509373929,766.28004675715,0.0015046955086291,-0.0033341029193252,1.8853820562363,80.109065752537,0.0030062509373929,6.1175554418121e-13,0,0.3,1,0.0028589094105033,0.00011597898375645,0.27850140266698,0,0,
1.2445000344887,-597.88379400412,153.22118486823,0.27849792048437,0.004407547213614,765.73340586961,0.0014982032589614,-0.0033343336544931,1.8853889703751,80.109113392259,0.004407547213614,6.1175554418121e-13,0,0.3,1,0.0031686369181309,0.00011257323001181,0.27850063151583,0,0,
1.257500034757,-597.88379523463,153.22118827276,0.27849780165201,0.0033222009555427,766.48749627858,0.0014939389657229,-0.0033331604208797,1.8853930234909,80.109162375892,0.0033222009555427,-0,0,0.3,1,0.0031993497044352,9.5272014641003e-05,0.27850000863445,0,0,
1.2710000351071,-597.88379614184,153.2211910741,0.27849640716812,0.0011099063815458,767.56426961597,0.0014922429108992,-0.0033299589995295,1.8853913545609,80.109207902134,0.0011099063815458,-0,0,0.3,1,0.0027814610347183,0.00010723053412179,0.27849934343634,0,0,
1.2840000353754,-597.88379618424,153.22118954579,0.27849594708434,0.0037673329355997,768.81081002868,0.0014932872727513,-0.0033270588610321,1.8853882551193,80.109260181221,0.0037673329355997,-0,0,0.3,1,0.0029786354264642,0.00011718910763705,0.27849873379181,0,0,
1.2965000355616,-597.88379483801,153.22118372554,0.27849635340311,0.0036437290578796,770.02762544931,0.0015010917559266,-0.0033274418674409,1.8853801488876,80.109307631651,0.0036437290578796,1.2846866427805e-11,0,0.3,1,0.0031116541462709,0.00010973314383273,0.27849828183897,0,0,
1.3095000358298,-597.88379332507,153.22118171054,0.27849690032691,0.0032237423445342,771.20043117209,0.0015045495238155,-0.0033320740330964,1.8853826522827,80.109357749521,0.0032237423445342,1.2846866427805e-11,0,0.3,1,0.003134071788694,0.0001169839900078,0.27849797988135,0,0,
1.3220000360161,-597.8837946327,153.22118660452,0.2784967579303,0.0040737219515316,772.44257009334,0.0014956706436351,-0.0033328693825752,1.8853920698166,80.109414031208,0.0040737219515316,-0,0,0.3,1,0.0033220018885577,0.00010897428239492,0.27849764890828,0,0,
1.3350000362843,-597.88379595411,153.22119071087,0.27849698780756,0.0016898767567709,772.00600695152,0.0014920149696991,-0.0033273885492235,1.8853911161423,80.109465230576,0.0016898767567709,-0,0,0.3,1,0.0029955768666427,0.00011533941333019,0.2784975569833,0,0,
1.3480000365525,-597.88379579015,153.22118659698,0.27849953294604,0.0045538655342077,771.00351235895,0.0014954874059185,-0.0033233987633139,1.8853845596313,80.10952284336,0.0045538655342077,-0,0,0.3,1,0.0033072346215853,0.00010697895056904,0.27849797816187,0,0,
1.3610000368208,-597.88379455763,153.22118132978,0.27850134734785,0.0014592185340036,769.83659092557,0.0015047787455842,-0.0033259245101362,1.8853777647018,80.109574961527,0.0014592185340036,1.1011599795262e-11,0,0.3,1,0.0029376314095981,0.00011029524617911,0.27849866677212,0,0,
1.373500037007,-597.88379449375,153.22118172572,0.27850179400528,0.0035763474302494,768.61826922622,0.0015028179623187,-0.0033300947397947,1.885383605957,80.109625480986,0.0035763474302494,1.2235110883624e-12,0,0.3,1,0.0030653746019911,0.000122708359895,0.27849925342312,0,0,
1.3865000372753,-597.88379673424,153.22118879738,0.27850065056332,0.0023854454860919,769.06587132198,0.001491782721132,-0.0033311045262963,1.8853935003281,80.109672216975,0.0023854454860919,1.2235110883624e-12,0,0.3,1,0.0029293887625525,0.00011265905379687,0.27849949624626,0,0,
1.3995000375435,-597.88379720535,153.22118987367,0.27849969274638,0.002333887729834,770.07215175243,0.0014928783057258,-0.0033289170823991,1.8853905200958,80.109722223723,0.002333887729834,-1.5905644148711e-11,0,0.3,1,0.0028102885340215,0.00011764731871073,0.27849960705827,0,0,
1.4125000378117,-597.88379672063,153.22118529741,0.27850035768802,0.0045892894636906,769.5193964147,0.0014969427138567,-0.0033276414033026,1.8853833675385,80.109769273969,0.0045892894636906,1.2235110883624e-12,0,0.3,1,0.0031660888057102,0.00010816387577442,0.27849977915438,0,0,
1.425000037998,-597.88379557522,153.22118024729,0.27850274080032,0.00096800053954812,768.48831783692,0.0015062690945342,-0.00333023048006,1.8853780031204,80.109817273071,0.00096800053954812,9.7880887068993e-12,0,0.3,1,0.0027264711450333,0.0001138985325228,0.27850037578704,0,0,
1.4380000382662,-597.88379673034,153.22118354562,0.27850426411885,0.0044451335364654,767.36764633522,0.0014973871875554,-0.0033347434364259,1.8853889703751,80.109862022922,0.0044451335364654,6.1175554418121e-13,0,0.3,1,0.0030702036621804,0.00012603850401897,0.27850106766988,0,0,
1.4510000385344,-597.88379877506,153.22118852853,0.27850360078968,0.0019815260936141,767.86666488417,0.0014915643259883,-0.0033335280604661,1.8853933811188,80.109910598294,0.0019815260936141,-0,0,0.3,1,0.0028524681592592,0.00011988493840643,0.27850155561105,0,0,
1.4635000387207,-597.8837993496,153.22118907584,0.27850293227638,0.0027385200597043,767.15439822922,0.0014922231202945,-0.003329930594191,1.8853896856308,80.109953855008,0.0027385200597043,-0,0,0.3,1,0.0028296785348839,0.00012540965964805,0.2785018923198,0,0,
1.4765000389889,-597.88379812806,153.22118179312,0.27850412878446,0.0033146149551272,766.12891234126,0.0015009420458227,-0.0033295876346529,1.8853797912598,80.10999663603,0.0033146149551272,-0,0,0.3,1,0.0029266658267974,0.00011627782879693,0.27850235838213,0,0,
1.4890000391752,-597.88379693938,153.22117947412,0.27850509535008,0.0020446054591014,766.65993922053,0.0015063371974975,-0.003334455890581,1.8853796720505,80.110042787685,0.0020446054591014,1.2235110883624e-11,0,0.3,1,0.0027502537262469,0.00012492270384593,0.278502898125,0,0,
1.5015000393614,-597.88379868981,153.22118582764,0.27850312076069,0.0037204998124657,767.62968212,0.0014939723769203,-0.0033371835015714,1.8853927850723,80.110082411087,0.0037204998124657,-0,0,0.3,1,0.0029443029425913,0.00010874353935056,0.278502876924,0,0,
1.5140000395477,-597.88379943915,153.22118913946,0.27850163421675,0.0021912115078199,768.75002701195,0.0014921631664038,-0.0033320321235806,1.8853907585144,80.110126568524,0.0021912115078199,-0,0,0.3,1,0.0027936846665938,0.00011884896227381,0.27850268710972,0,0,
1.5265000397339,-597.88379840203,153.22118261015,0.27850320067237,0.003886647227118,768.29588519287,0.0014998714905232,-0.0033302046358585,1.8853808641434,80.110171372725,0.003886647227118,-0,0,0.3,1,0.0030122771911988,0.00010605355635137,0.27850280943967,0,0,
1.5390000399202,-597.88379674473,153.22118011226,0.27850500686446,0.0029336004679635,767.33877916608,0.0015047732740641,-0.0033338502980769,1.885381937027,80.1102171817,0.0029336004679635,1.4070377516168e-11,0,0.3,1,0.0029965418433185,0.00011536505362552,0.27850321724778,0,0,
1.5515000401065,-597.88379875885,153.22118709254,0.27850411016982,0.0031845684927599,767.84710857532,0.0014926102012396,-0.0033346742857248,1.8853935003281,80.110261623501,0.0031845684927599,-0,0,0.3,1,0.003034147148607,0.00010409480302788,0.27850334679894,0,0,
1.5640000402927,-597.88379936611,153.22118889133,0.27850279686086,0.0031010983435565,768.81962999077,0.0014922814443707,-0.0033289624843746,1.8853894472122,80.110304767458,0.0031010983435565,-0,0,0.3,1,0.0030475373891217,0.00011586611095133,0.27850330738872,0,0,
1.576500040479,-597.88379747095,153.22118183366,0.27850258770683,0.0032068623280469,769.94072358705,0.0015023698797449,-0.0033293317537755,1.8853795528412,80.110348837203,0.0032068623280469,-0,0,0.3,1,0.0030794023852078,0.0001086861027988,0.27850319837451,0,0,
1.5895000407472,-597.88379607916,153.22118130012,0.27850278129132,0.0036760833770604,769.48875111781,0.0015028838533908,-0.0033335699699819,1.8853844404221,80.110393690235,0.0036760833770604,1.4682133060349e-11,0,0.3,1,0.0031987385890804,0.00011431583101871,0.27850306943989,0,0,
1.6020000409335,-597.88379706481,153.2211867634,0.27850254413812,0.0036615250193231,770.20082343915,0.0014940794790164,-0.0033336011692882,1.8853931427002,80.110441500903,0.0036615250193231,-1.2235110883624e-12,0,0.3,1,0.0032912958652812,0.00010627461120308,0.27850288880615,0,0,
1.6145000411198,-597.88379792111,153.22118967201,0.27850196216809,0.0022575733232057,771.22348573074,0.0014923724811524,-0.003327994607389,1.8853902816772,80.110482990001,0.0022575733232057,-1.2235110883624e-12,0,0.3,1,0.0030845513758888,0.00011684769906799,0.27850275622009,0,0,
1.627000041306,-597.883796652,153.22118308201,0.27850269647638,0.0036668044689828,770.74270266952,0.0015008916379884,-0.0033256975002587,1.8853805065155,80.110529552351,0.0036668044689828,-1.2235110883624e-12,0,0.3,1,0.0032010019816969,0.00010490263870752,0.27850276936054,0,0,
1.6395000414923,-597.8837950627,153.22118134161,0.278503688345,0.0032573623727219,771.39683343999,0.0015040426515043,-0.0033299948554486,1.8853826522827,80.1105769424,0.0032573623727219,1.4070377516168e-11,0,0.3,1,0.0032122740663252,0.00011104529770331,0.27850291696357,0,0,
1.6520000416785,-597.88379686903,153.2211880931,0.27850274069928,0.0028289619249752,770.79780553523,0.0014939766842872,-0.0033301608636975,1.8853933811188,80.110622940158,0.0028289619249752,-0,0,0.3,1,0.0031356116404115,0.00010158040097641,0.27850283239021,0,0,
1.6645000418648,-597.88379743281,153.22118942858,0.27850284584369,0.0032586307753229,769.79470469941,0.0014923862181604,-0.0033242490608245,1.8853888511658,80.110670187229,0.0032586307753229,-0,0,0.3,1,0.0031602154855662,0.00011055519282506,0.27850288990127,0,0,
1.6770000420511,-597.88379601317,153.22118207882,0.27850431678598,0.0028199641515194,770.28353458127,0.001502956263721,-0.0033244462683797,1.8853791952133,80.110716873493,0.0028199641515194,-0,0,0.3,1,0.0030921652277595,0.00010067183322256,0.27850321009149,0,0,
1.6895000422373,-597.88379524191,153.22118226003,0.27850401423269,0.003882049402294,769.63080458671,0.0015023425221443,-0.0033306416589767,1.8853849172592,80.110762078961,0.003882049402294,1.1623355339443e-11,0,0.3,1,0.0032501420522212,0.00010748404254099,0.27850332915298,0,0,
1.7025000425056,-597.88379710504,153.22118913141,0.27850291280011,0.0020418467343305,768.61019149925,0.0014923773705959,-0.003329626750201,1.8853936195374,80.110808117121,0.0020418467343305,-0,0,0.3,1,0.0030084829910927,0.00010022928223348,0.27850320386499,0,0,
1.7150000426918,-597.88379771622,153.22118987095,0.27850409613194,0.0026487879162602,767.41459270216,0.0014925797004253,-0.0033261836506426,1.8853898048401,80.110855276205,0.0026487879162602,-0,0,0.3,1,0.0029365440006024,0.00010866275207034,0.2785034374206,0,0,
1.7275000428781,-597.88379685133,153.22118283214,0.27850531992117,0.0035126223609578,766.24444675648,0.0015010322676972,-0.0033259445335716,1.8853800296783,80.110895896038,0.0035126223609578,-0,0,0.3,1,0.0030517596650594,0.00010029230863982,0.27850383288135,0,0,
1.7400000430644,-597.88379565724,153.22118132038,0.2785058327656,0.0034093196146515,765.05786486504,0.001503752428107,-0.0033318265341222,1.8853832483292,80.110938369827,0.0034093196146515,1.1623355339443e-11,0,0.3,1,0.0031232716434974,0.00011236210959468,0.2785041909732,0,0,
1.7530000433326,-597.88379785919,153.22118839941,0.27850452460297,0.0026205348002087,765.495395159,0.0014925943687558,-0.0033327850978822,1.8853938579559,80.110979102479,0.0026205348002087,-0,0,0.3,1,0.0030227242625031,0.00010150391609989,0.27850420922578,0,0,
1.7655000435188,-597.88379831628,153.22118979904,0.27850356769895,0.0019058753081596,764.77412195233,0.001492555020377,-0.0033302523661405,1.8853905200958,80.11101971059,0.0019058753081596,-0,0,0.3,1,0.0027993544661024,0.00010963667883816,0.27850412846041,0,0,
1.7785000437871,-597.88379740336,153.22118330036,0.27850493146926,0.0039940062823613,763.74523376048,0.0014992404030636,-0.0033285261597484,1.885381102562,80.111056504817,0.0039940062823613,-0,0,0.3,1,0.0030382848124618,9.8283271082112e-05,0.27850430822716,0,0,
1.7915000440553,-597.883795966,153.22117981479,0.27850598575755,0.0011561313530328,762.54677200116,0.0015072852838784,-0.0033328717108816,1.8853785991669,80.111096773785,0.0011561313530328,1.1011599795262e-11,0,0.3,1,0.0026618541275071,0.00010751983454294,0.27850464873589,0,0,
1.8040000442415,-597.88379690124,153.22118333596,0.2785055764152,0.0042819354396213,763.05158776655,0.0014984332956374,-0.0033364740666002,1.8853887319565,80.111132454225,0.0042819354396213,-0,0,0.3,1,0.002985870358416,0.00011137768182126,0.2785047661708,0,0,
1.8170000445098,-597.88379844019,153.22118945452,0.27850345100484,0.00058544973935616,762.3847606083,0.0014920859830454,-0.0033340756781399,1.8853925466537,80.11116569865,0.00058544973935616,-0,0,0.3,1,0.0025057862353497,0.00011198305309314,0.27850451441178,0,0,
1.830000044778,-597.88379846451,153.22118828332,0.27850362191697,0.003848761751959,763.03623906,0.0014929830795154,-0.0033307666890323,1.8853878974915,80.111205191523,0.003848761751959,-0,0,0.3,1,0.0027743813454349,0.00011673703628896,0.27850438453014,0,0,
1.8430000450462,-597.88379714915,153.22118260089,0.27850350974828,0.003678636709294,764.09628784217,0.0015011210925877,-0.0033314763568342,1.8853800296783,80.111239737358,0.003678636709294,-0,0,0.3,1,0.0029552324479958,0.00010665534703862,0.27850424486204,0,0,
1.8560000453144,-597.88379512349,153.22118026854,0.27850266949687,0.0016750701835665,765.27981693151,0.0015059872530401,-0.0033358230721205,1.8853795528412,80.111275097652,0.0016750701835665,9.1763331627181e-12,0,0.3,1,0.0026991999878027,0.00011080307175395,0.27850394835317,0,0,
1.8685000455007,-597.88379574006,153.22118420053,0.27850176908166,0.0043965456179992,766.50121119093,0.0014976396923885,-0.0033373110927641,1.8853896856308,80.111312183667,0.0043965456179992,-0,0,0.3,1,0.0030386691303879,0.0001102135791638,0.27850342504377,0,0,
1.8815000457689,-597.88379689405,153.22119020827,0.27850093455231,0.00032610510598259,767.67664234969,0.0014918767847121,-0.0033334144391119,1.8853923082352,80.111349686095,0.00032610510598259,-0,0,0.3,1,0.0024961563247965,0.00011721738543522,0.27850293487068,0,0,
1.8940000459552,-597.88379653755,153.22118830938,0.27850140146239,0.0042161935776056,767.19603738304,0.001493685413152,-0.0033283038064837,1.8853867053986,80.111393878093,0.0042161935776056,-0,0,0.3,1,0.0028401637972714,0.00012178630441742,0.27850267982289,0,0,
1.9070000462234,-597.88379427513,153.22118137936,0.27850280921986,0.0014776066834218,766.24014135817,0.0015051587251946,-0.0033288535196334,1.8853778839111,80.111434390751,0.0014776066834218,9.7880887068993e-12,0,0.3,1,0.0025676523567296,0.00011299920865773,0.2785027201637,0,0,
1.9200000464916,-597.88379375368,153.2211823959,0.27850320848663,0.0036452324090241,765.06509934981,0.0015019907150418,-0.0033321825321764,1.8853837251663,80.11147890519,0.0036452324090241,9.7880887068993e-12,0,0.3,1,0.0027831683679765,0.00011773052090478,0.27850277627821,0,0,
1.9325000466779,-597.88379489103,153.22118782821,0.27850212880446,0.003430531786151,763.84471191274,0.0014927021693438,-0.0033323881216347,1.8853925466537,80.111518764931,0.003430531786151,-0,0,0.3,1,0.0029126410129891,0.00010876850041599,0.27850258275123,0,0,
1.9450000468642,-597.8837952949,153.22119094025,0.27850064460733,0.0025000784940771,764.29697659478,0.0014919044915587,-0.0033284039236605,1.8853900432587,80.111555879183,0.0025000784940771,-0,0,0.3,1,0.0028301284920008,0.00012095307388746,0.27850226103665,0,0,
1.9580000471324,-597.88379353472,153.22118437456,0.27850010559553,0.0036699885922765,764.21195218507,0.0015003434382379,-0.0033277557231486,1.8853803873062,80.111594860435,0.0036699885922765,-0,0,0.3,1,0.002998100512963,0.00011410074596243,0.2785018665743,0,0,
1.9710000474006,-597.88379122979,153.22118184396,0.2784998901312,0.0015645602533076,765.05058104118,0.0015063411556184,-0.0033328994177282,1.8853791952133,80.111636299692,0.0015645602533076,1.529388860453e-11,0,0.3,1,0.0027113924554171,0.00011725526195631,0.27850147947885,0,0,
1.9840000476688,-597.88379172476,153.22118581527,0.27849935028803,0.0044337181494645,766.1665542613,0.0014973751967773,-0.0033352957107127,1.8853894472122,80.111674046908,0.0044337181494645,-0,0,0.3,1,0.0030558576663281,0.00011856617925433,0.27850098502808,0,0,
1.9965000478551,-597.88379262382,153.22119100878,0.2784983108394,0.0017382859343359,765.64301153975,0.001492417184636,-0.0033333881292492,1.8853931427002,80.111712857475,0.0017382859343359,-0,0,0.3,1,0.0027923433087971,0.000116459136735,0.278500416614,0,0,
2.0090000480413,-597.88379303516,153.22119004559,0.27849983076572,0.0042164238345224,764.67265576313,0.0014931345358491,-0.0033269356936216,1.8853870630264,80.111751776525,0.0042164238345224,-0,0,0.3,1,0.003077159391807,0.00011792294026301,0.27850034335247,0,0,
2.0220000483096,-597.88379126906,153.22118288667,0.27850129343768,0.0015515500643765,765.17822219348,0.0015047613997012,-0.0033288251142949,1.8853776454926,80.111792918474,0.0015515500643765,-0,0,0.3,1,0.002772037513068,0.00011072104680404,0.27850055296414,0,0,
2.0340000484139,-597.88379098352,153.22118362342,0.27850006692472,0.003609338312958,764.47857785385,0.0015020332066342,-0.0033332875464112,1.8853837251663,80.111834387924,0.003609338312958,-0,0,0.3,1,0.0029394976723776,0.00011406699952245,0.27850042859072,0,0,
2.0470000486821,-597.88379306984,153.22119153936,0.27849803797071,0.0008884463866087,765.04073506039,0.0014917650260031,-0.0033319792710245,1.885392665863,80.111870554072,0.0008884463866087,-0,0,0.3,1,0.0025292874187287,0.00011368433648055,0.27849995358272,0,0,
2.0600000489503,-597.88379354883,153.22119060497,0.27849823712646,0.003771587532272,764.37029444469,0.0014928800519556,-0.0033283622469753,1.8853880167007,80.111914977781,0.003771587532272,-0,0,0.3,1,0.0027777474365428,0.00011994095537838,0.27849966894375,0,0,
2.0730000492185,-597.8837929332,153.22118467564,0.27849874017514,0.0038774430417518,765.03232850694,0.0015006617177278,-0.0033284269738942,1.8853803873062,80.111953475938,0.0038774430417518,-0,0,0.3,1,0.002997686554957,0.000112120941838,0.27849951871861,0,0,
2.0865000495687,-597.88379193812,153.22118176192,0.27849868219715,0.0013638341394218,764.36772866315,0.0015066274208948,-0.0033332412131131,1.8853789567947,80.111990783243,0.0013638341394218,1.0399844251081e-11,0,0.3,1,0.00267091607064,0.00011617745568806,0.27849935681525,0,0,
2.1000000499189,-597.88379286868,153.2211832495,0.27849879890175,0.0039834761562655,765.077680999,0.0015018979320303,-0.0033347636926919,1.8853851556778,80.112031540206,0.0039834761562655,-0,0,0.3,1,0.0029334280963539,0.00012043377749393,0.27849919749024,0,0,
2.114000050351,-597.88379446926,153.22118647386,0.27849847263775,0.0041891030654033,764.36783095476,0.0014962339773774,-0.0033362607937306,1.8853913545609,80.112067554646,0.0041891030654033,-0,0,0.3,1,0.0031845630591749,0.00011201850191833,0.27849896870234,0,0,
2.1280000507832,-597.88379548393,153.22118767207,0.27849858402254,0.0035888678048667,763.19071983756,0.0014937588712201,-0.0033354316838086,1.8853929042816,80.112107581398,0.0035888678048667,-0,0,0.3,1,0.0032654240152251,9.874719354066e-05,0.27849881547434,0,0,
2.1420000512153,-597.8837963974,153.22118866262,0.27849884105791,0.0026965070235406,761.89822905291,0.0014934185892344,-0.0033353364560753,1.8853932619095,80.112142970596,0.0026965070235406,-0,0,0.3,1,0.0031516405945578,8.8546421108333e-05,0.27849876441751,0,0,
2.1560000516474,-597.88379716299,153.2211895268,0.27849873188959,0.001618627323984,760.57438951479,0.0014920847024769,-0.003335224930197,1.8853931427002,80.112178067314,0.001618627323984,-0,0,0.3,1,0.0028450379441254,8.5861376724324e-05,0.27849873549298,0,0,
2.1695000519976,-597.88379778218,153.2211899696,0.27849874111956,0.00054441838299642,759.24045526765,0.0014924560673535,-0.0033349471632391,1.8853924274445,80.112212454635,0.00054441838299642,-0,0,0.3,1,0.0023849140249002,9.042599419281e-05,0.2784987540766,0,0,
2.1835000524297,-597.8837981116,153.22118949404,0.2784984982506,0.0026732121613904,759.80240459942,0.0014932786580175,-0.0033341075759381,1.8853896856308,80.112244774134,0.0026732121613904,-0,0,0.3,1,0.0024425736611184,9.9869153977634e-05,0.2784987689435,0,0,
2.1970000527799,-597.88379804449,153.2211886489,0.27849819009703,0.0037463610858019,758.99380519916,0.0014933650381863,-0.0033335988409817,1.8853880167007,80.112280830435,0.0037463610858019,-0,0,0.3,1,0.002703331130105,0.00010660670235998,0.27849870335098,0,0,
2.211000053212,-597.88379750688,153.22118499092,0.2784995833247,0.0045843906509479,757.8581861948,0.0014974507503211,-0.0033327341079712,1.8853833675385,80.112312683059,0.0045843906509479,9.7880887068993e-12,0,0.3,1,0.0030795430380962,9.7736382190231e-05,0.27849890717694,0,0,
2.2245000535622,-597.88379730726,153.2211834891,0.27850044764125,0.0040409987328846,758.49875171245,0.0014991634525359,-0.0033339464571327,1.8853812217712,80.11234823641,0.0040409987328846,9.7880887068993e-12,0,0.3,1,0.0032718342049509,8.9176165547483e-05,0.27849924905164,0,0,
2.2380000539124,-597.88379606624,153.2211806273,0.27849944601758,0.00143854378465,759.58915804888,0.0015057730488479,-0.0033363965339959,1.8853780031204,80.11237693179,0.00143854378465,6.1175554418121e-13,0,0.3,1,0.0029051761204746,9.0027749640237e-05,0.27849931989561,0,0,
2.2515000542626,-597.88379512782,153.22118050864,0.27849909074101,0.0023349489296926,760.81932531269,0.0015061073936522,-0.00333934975788,1.8853805065155,80.112410394899,0.0023349489296926,6.1175554418121e-13,0,0.3,1,0.002791130668774,9.859802197894e-05,0.27849926332196,0,0,
2.2650000546128,-597.88379545413,153.22118280494,0.27849891480273,0.0042633346930904,762.08888134984,0.0015003340085968,-0.0033408452291042,1.8853871822357,80.112445721138,0.0042633346930904,6.1175554418121e-13,0,0.3,1,0.0030855714234052,0.00010501723419406,0.27849912865607,0,0,
2.2785000549629,-597.88379615389,153.22118639555,0.27849854988773,0.0038671354215544,763.36880859824,0.0014942088164389,-0.0033397332299501,1.8853924274445,80.112483137836,0.0038671354215544,-0,0,0.3,1,0.0032418842153619,9.9065061741019e-05,0.27849893747686,0,0,
2.2915000552312,-597.88379695118,153.22118923869,0.27849788986897,0.0016307605054105,763.94324917018,0.0014924400020391,-0.0033365429844707,1.8853931427002,80.112522623306,0.0016307605054105,-0,0,0.3,1,0.002919659471586,9.7619318178183e-05,0.27849870108699,0,0,
2.3050000555813,-597.88379747012,153.2211893285,0.27849884389519,0.0031947129284904,763.23911619828,0.0014918952947482,-0.003330790437758,1.8853889703751,80.112562561994,0.0031947129284904,-0,0,0.3,1,0.0029746701374498,0.00010770683251938,0.27849878615646,0,0,
2.3175000557676,-597.8837973662,153.22118624361,0.27850025807305,0.0046286031503533,763.93946974132,0.0014946269802749,-0.0033287119586021,1.8853847980499,80.112608939,0.0046286031503533,-0,0,0.3,1,0.003305456779289,0.00010323026417317,0.27849912243293,0,0,
2.3305000560358,-597.88379546937,153.22118022979,0.27849992937131,0.00065939788427415,764.0986622352,0.0015059360302985,-0.0033318847417831,1.8853783607483,80.112646674379,0.00065939788427415,1.2235110883624e-11,0,0.3,1,0.0027762449957221,0.00010565513497334,0.27849930204714,0,0,
2.3430000562221,-597.88379588826,153.22118273943,0.27849928773483,0.0043063199545451,765.01661261721,0.001500052632764,-0.0033346437849104,1.8853875398636,80.112693073155,0.0043063199545451,1.8352666325436e-12,0,0.3,1,0.0030822600167822,0.00010863550955941,0.27849923712226,0,0,
2.3560000564903,-597.88379771391,153.22118928439,0.27849827123344,0.00096074751562774,764.47444466119,0.0014919495442882,-0.0033324097748846,1.8853931427002,80.112734147407,0.00096074751562774,-0,0,0.3,1,0.0026579575091318,0.00010648374296575,0.27849903021027,0,0,
2.3690000567585,-597.88379785189,153.22118858785,0.27849979872128,0.0035027246234477,763.43324334537,0.0014921736437827,-0.0033275512978435,1.8853887319565,80.112780885193,0.0035027246234477,-0,0,0.3,1,0.0028269109457505,0.0001102745136886,0.27849922826902,0,0,
2.3815000569448,-597.88379719317,153.2211830625,0.27850147675893,0.0039015463259073,762.25208139787,0.0014990095514804,-0.0033262853976339,1.885381102562,80.112822418819,0.0039015463259073,-0,0,0.3,1,0.0030418380276678,9.9872216413469e-05,0.27849969666017,0,0,
2.394500057213,-597.88379568335,153.22118042723,0.27850237969541,0.0029632482453585,762.71961820771,0.0015050392830744,-0.0033311690203846,1.8853820562363,80.112861174767,0.0029632482453585,-0,0,0.3,1,0.0030261200570617,0.00011177062932865,0.2785002203847,0,0,
2.4075000574812,-597.88379693504,153.22118560353,0.27850117320696,0.0040718353490154,763.73482898332,0.0014949205797166,-0.0033334891777486,1.8853920698166,80.112903252324,0.0040718353490154,-0,0,0.3,1,0.0032352631313447,0.00010531620543821,0.27850032942017,0,0,
2.4210000578314,-597.88379746607,153.22118970854,0.27850015269651,0.000503492468372,763.17563600762,0.0014918362721801,-0.0033312721643597,1.8853929042816,80.112942727299,0.000503492468372,-0,0,0.3,1,0.0026889090017564,0.00010771179402404,0.27850030339972,0,0,
2.4340000580996,-597.88379735034,153.2211896089,0.27850153175447,0.0025940373401839,763.88696105687,0.0014921765541658,-0.0033285345416516,1.8853899240494,80.112984972083,0.0025940373401839,-0,0,0.3,1,0.0026699346908301,0.00011493677882976,0.27850059848798,0,0,
2.4475000584498,-597.88379668093,153.22118493162,0.27850296593751,0.0044820719753293,763.22197169787,0.0014968540053815,-0.0033261945936829,1.8853831291199,80.11302112771,0.0044820719753293,-0,0,0.3,1,0.0030323621220088,0.00010113783193988,0.27850109085856,0,0,
2.4610000588,-597.88379557352,153.22118160146,0.2785041003496,0.0023033643583819,763.90046241136,0.0015035877004266,-0.0033279948402196,1.8853787183762,80.113063169014,0.0023033643583819,1.1623355339443e-11,0,0.3,1,0.0028865625883745,9.6660453874173e-05,0.27850171125268,0,0,
2.4745000591502,-597.88379470822,153.22118056866,0.27850468824111,0.0014087721188502,763.17880692393,0.001506207510829,-0.0033303138334304,1.885379076004,80.113100323156,0.0014087721188502,6.1175554418121e-13,0,0.3,1,0.0025910044861819,0.00010417355877926,0.27850230889586,0,0,
2.4880000595003,-597.88379512364,153.2211820074,0.27850566116248,0.0040463261617907,762.05328227663,0.0015021781437099,-0.0033318814821541,1.8853850364685,80.113138582504,0.0040463261617907,6.1175554418121e-13,0,0.3,1,0.002882068889577,0.00011647547594083,0.2785029241011,0,0,
2.5010000597686,-597.88379628421,153.22118540178,0.27850583845282,0.0041971539700519,760.81230307868,0.0014954747166485,-0.0033328519202769,1.8853911161423,80.113175834269,0.0041971539700519,-0,0,0.3,1,0.0031450858573527,0.00011685609799147,0.27850342222575,0,0,
2.5140000600368,-597.8837977656,153.22118965695,0.27850496104113,0.00074709121768276,759.59517444257,0.0014916162472218,-0.0033308260608464,1.8853929042816,80.113211038556,0.00074709121768276,-0,0,0.3,1,0.0026654869365398,0.00011400097029265,0.27850373727896,0,0,
2.527000060305,-597.88379821774,153.22118865383,0.27850519560934,0.0037610453901447,760.09754882542,0.0014925582800061,-0.0033278381451964,1.88538813591,80.113248510001,0.0037610453901447,-0,0,0.3,1,0.002884598629615,0.00011772435130444,0.27850409064944,0,0,
2.5405000606552,-597.88379733265,153.2211829222,0.27850443868402,0.0038009129051545,761.11484098979,0.0015005173627287,-0.0033287373371422,1.8853805065155,80.113284477414,0.0038009129051545,-0,0,0.3,1,0.0030678615022977,0.00011074227014005,0.27850420049234,0,0,
2.5535000609234,-597.88379607062,153.22118017792,0.27850386439692,0.00098297537040416,762.34252791654,0.0015065321931615,-0.0033317850902677,1.8853777647018,80.11332321426,0.00098297537040416,9.1763331627181e-12,0,0.3,1,0.0026508842727218,0.00011071466702945,0.27850415723645,0,0,
2.5665000611916,-597.88379608816,153.22118163553,0.27850398946751,0.0039994361217573,763.55409569549,0.001502207829617,-0.0033350731246173,1.8853852748871,80.113358463135,0.0039994361217573,-0,0,0.3,1,0.0029205946730116,0.00011575802328606,0.27850406302709,0,0,
2.5795000614598,-597.88379778578,153.22118697028,0.27850398357577,0.0032497368258424,763.0537573631,0.0014942167326808,-0.0033340556547046,1.8853929042816,80.113399100755,0.0032497368258424,-0,0,0.3,1,0.0029864231320949,0.00010144881934058,0.27850397573867,0,0,
2.5925000617281,-597.88379879141,153.22118971899,0.27850410363951,0.0011164571261034,763.76940650455,0.0014917337102816,-0.0033297459594905,1.8853914737701,80.113441243059,0.0011164571261034,-0,0,0.3,1,0.0026124299381609,0.00010910308955434,0.27850403703816,0,0,
2.6060000620782,-597.8837988041,153.22118648445,0.27850472159741,0.0045538749312816,763.11932500925,0.0014943643473089,-0.003325475146994,1.885385632515,80.113482128808,0.0045538749312816,-0,0,0.3,1,0.003000718941445,0.0001085047839961,0.27850421720796,0,0,
2.6190000623465,-597.88379768696,153.22118263136,0.27850487993139,0.0035771281425098,763.83654187715,0.0015008742921054,-0.0033259014599025,1.8853801488876,80.113525058003,0.0035771281425098,1.0399844251081e-11,0,0.3,1,0.0031160007636983,9.8765407654741e-05,0.2785043792252,0,0,
2.6325000626966,-597.88379589476,153.22118019017,0.2785043413167,0.0015600819025639,764.07192344022,0.00150689156726,-0.003330284031108,1.8853794336319,80.113561651906,0.0015600819025639,1.0399844251081e-11,0,0.3,1,0.0028048170030853,0.00010334135305196,0.27850438366924,0,0,
2.6455000629649,-597.88379579514,153.22118208503,0.2785039999689,0.0040237899284135,763.2284946559,0.0015019904822111,-0.0033324065152556,1.885385632515,80.11360416834,0.0040237899284135,-0,0,0.3,1,0.0030486115812354,0.00010973055855047,0.27850425013379,0,0,
2.6585000632331,-597.88379703256,153.22118770969,0.27850370982901,0.0031606053633244,763.85605473758,0.0014931093901396,-0.0033322342205793,1.8853935003281,80.113642461066,0.0031606053633244,-0,0,0.3,1,0.0030710103064054,0.0001018170958913,0.27850407774032,0,0,
2.6715000635013,-597.88379726474,153.2211904905,0.27850313721679,0.001305624531977,764.90949948734,0.0014917263761163,-0.003328871447593,1.8853912353516,80.113682648821,0.001305624531977,-0,0,0.3,1,0.0027179331438039,0.0001129252813108,0.27850393386507,0,0,
2.6850000638515,-597.88379650234,153.2211871673,0.2785032925558,0.0046577172424052,764.3637317458,0.0014946637675166,-0.0033249871339649,1.8853851556778,80.113724399013,0.0046577172424052,-0,0,0.3,1,0.0031058899993733,0.00011196257682684,0.27850383664627,0,0,
2.6980000641197,-597.88379512668,153.22118347791,0.27850488420636,0.0036210857734987,763.27886227674,0.001500696176663,-0.0033253079745919,1.8853802680969,80.113769015531,0.0036210857734987,1.4070377516168e-11,0,0.3,1,0.0032089291554469,9.406229298975e-05,0.27850406285492,0,0,
2.7110000643879,-597.88379335527,153.22118121423,0.2785059716178,0.0016418527525926,763.83805372037,0.0015056307893246,-0.0033291913568974,1.8853794336319,80.113807391989,0.0016418527525926,3.6705332650873e-12,0,0.3,1,0.0028955138805929,0.00010289144475064,0.27850444647763,0,0,
2.7240000646561,-597.88379396582,153.22118508324,0.27850423729112,0.004292922127312,764.07238468743,0.0014974353834987,-0.0033319245558232,1.8853895664215,80.113848317635,0.004292922127312,3.6705332650873e-12,0,0.3,1,0.0031749955233671,0.00010439992758766,0.27850433614329,0,0,
2.7370000649244,-597.88379479761,153.22119028215,0.27850241682357,0.00163946557859,765.00858123345,0.0014919894747436,-0.0033313822932541,1.8853933811188,80.113890547616,0.00163946557859,-0,0,0.3,1,0.0028678895324111,0.00010439148632693,0.27850393793166,0,0,
2.7500000651926,-597.88379484234,153.22119049719,0.27850245916576,0.0030326301745212,766.15395907867,0.0014921511756256,-0.0033271634019911,1.8853892087936,80.11393322937,0.0030326301745212,-0,0,0.3,1,0.0029008376878214,0.00011486175430566,0.27850370280886,0,0,
2.7625000653788,-597.88379368641,153.22118534712,0.27850330414533,0.0042149593144455,765.63915835978,0.0014982176944613,-0.0033259359188378,1.8853816986084,80.113976749786,0.0042149593144455,-0,0,0.3,1,0.0031636619940768,0.00010185352035174,0.27850363988037,0,0,
2.7755000656471,-597.88379193781,153.2211816182,0.278504100558,0.0022387107592424,764.67142420049,0.0015053816605359,-0.0033301098737866,1.8853802680969,80.11401986929,0.0022387107592424,1.3458621971987e-11,0,0.3,1,0.0029786717240061,0.00010884995714635,0.2785037206678,0,0,
2.7885000659153,-597.88379351888,153.22118609062,0.27850467237414,0.0043240697047361,763.49294426142,0.0014957126695663,-0.0033313184976578,1.8853904008865,80.114066697313,0.0043240697047361,-0,0,0.3,1,0.0032477513216671,0.00010803567097561,0.27850382106053,0,0,
2.8020000662655,-597.88379488055,153.22119076847,0.27850362221929,0.0011327374486445,762.27009123809,0.0014909120509401,-0.0033297657500952,1.8853927850723,80.114108581619,0.0011327374486445,-0,0,0.3,1,0.0028247485332379,0.00010660600124703,0.27850377620496,0,0,
2.8150000665337,-597.88379534456,153.22119104331,0.27850232841382,0.0019759667104474,762.81206605461,0.0014917317312211,-0.0033277124166489,1.8853902816772,80.114150513959,0.0019759667104474,-0,0,0.3,1,0.0026549921500833,0.00011710752584754,0.27850355554611,0,0,
2.8280000668019,-597.88379468348,153.22118681527,0.27850103197187,0.0046229446501766,763.82945922674,0.0014957599341869,-0.00332723534666,1.8853838443756,80.114186054609,0.0046229446501766,-0,0,0.3,1,0.0030485827393354,0.00011833692141914,0.27850309887719,0,0,
2.8410000670701,-597.88379264975,153.22118166088,0.27850047028674,0.001352335330774,765.00131363682,0.0015057174023241,-0.0033306039404124,1.8853775262833,80.11422676894,0.001352335330774,1.4070377516168e-11,0,0.3,1,0.0027093332567431,0.00011685439174148,0.27850259645138,0,0,
2.8545000674203,-597.88379225615,153.2211828707,0.27850092233382,0.0037998638250885,764.49180830335,0.0015025632455945,-0.0033345823176205,1.8853843212128,80.114268598747,0.0037998638250885,3.058777720906e-12,0,0.3,1,0.0029274393770241,0.00012076508608621,0.27850220643166,0,0,
2.8675000676885,-597.88379346536,153.22118614173,0.27850095589855,0.0042067610526091,764.26527727385,0.0014955406077206,-0.0033343387767673,1.885390996933,80.114313538189,0.0042067610526091,-0,0,0.3,1,0.0031833037520463,0.00011421310801318,0.27850187653449,0,0,
2.8810000680387,-597.88379492681,153.22119064198,0.27850048160701,0.0010421243961426,765.06657302289,0.0014917382504791,-0.0033318633213639,1.8853927850723,80.11435225222,0.0010421243961426,-0,0,0.3,1,0.0027550678715618,0.00011117959388133,0.27850159473536,0,0,
2.8945000683889,-597.88379517541,153.22119119819,0.27849947152322,0.0021363927933669,766.22662439602,0.001491688657552,-0.0033289750572294,1.8853906393051,80.114395872751,0.0021363927933669,-0,0,0.3,1,0.0026313328475912,0.00012169814162476,0.2785012262449,0,0,
2.9080000687391,-597.88379474528,153.22118884754,0.27849903278846,0.0043041244817114,765.6500718669,0.0014933357015252,-0.0033269571140409,1.8853867053986,80.114436741177,0.0043041244817114,-0,0,0.3,1,0.0029658911796836,0.00012467516775007,0.27850084204558,0,0,
2.9215000690892,-597.88379400722,153.22118500697,0.27850020247258,0.0042097376655519,764.56730954519,0.0014986919704825,-0.0033271508291364,1.8853814601898,80.114479631675,0.0042097376655519,1.529388860453e-11,0,0.3,1,0.0032146604955636,0.00011065353001768,0.27850073138144,0,0,
2.9350000694394,-597.88379331278,153.22118187418,0.2785012353271,0.0016010723757789,763.33770025609,0.0015051034279168,-0.0033286290708929,1.8853777647018,80.114521557535,0.0016010723757789,1.529388860453e-11,0,0.3,1,0.0028919428719559,0.00010734941672774,0.27850085742685,0,0,
2.9485000697896,-597.88379314488,153.22118144331,0.27850109116091,0.0020485568012364,762.06506203291,0.0015054438263178,-0.0033321336377412,1.8853797912598,80.114562597825,0.0020485568012364,-0,0,0.3,1,0.0027232656361444,0.00011305637303094,0.27850089865854,0,0,
2.9620000701398,-597.88379413457,153.22118358146,0.27850030073299,0.0042088034421064,762.61626566503,0.0015002377331257,-0.0033350323792547,1.8853868246078,80.114602370114,0.0042088034421064,-0,0,0.3,1,0.0030203732374237,0.00011522817130149,0.27850071706717,0,0,
2.9755000704899,-597.88379520629,153.22118689502,0.27849888081946,0.0038442765704197,761.85844638475,0.001494704047218,-0.0033362607937306,1.8853923082352,80.114640783186,0.0038442765704197,-0,0,0.3,1,0.0031851538971902,0.00010205685116915,0.27850027973131,0,0,
2.9890000708401,-597.88379614829,153.22118963098,0.27849832951418,0.0016385249024208,762.55665718059,0.0014925831928849,-0.0033357001375407,1.8853932619095,80.114680967128,0.0016385249024208,-0,0,0.3,1,0.0028758281043095,9.5329205618098e-05,0.27849987621844,0,0,
3.0025000711903,-597.88379658192,153.22119052122,0.27849774623394,0.0013206594239873,763.6736208339,0.0014925748109818,-0.0033334828913212,1.8853913545609,80.114719638172,0.0013206594239873,-0,0,0.3,1,0.0025647943666069,0.00010463145593803,0.27849949976397,0,0,
3.0160000715405,-597.88379698865,153.22118875852,0.27849827977496,0.00395616556267,763.07873538021,0.0014932767953724,-0.0033309431746602,1.8853876590729,80.114759108163,0.00395616556267,-0,0,0.3,1,0.0028430686193596,0.00011048165210741,0.27849930588875,0,0,
3.0290000718087,-597.88379697846,153.22118505945,0.2784996226279,0.0044937068096539,763.82471590886,0.0014969925396144,-0.0033299871720374,1.8853828907013,80.114800348923,0.0044937068096539,1.0399844251081e-11,0,0.3,1,0.0031731962674173,0.0001051058535435,0.27849940112808,0,0,
3.0425000721589,-597.88379567315,153.22118057316,0.27850014935665,0.00065215312423773,763.16959193443,0.0015055125113577,-0.0033335229381919,1.8853780031204,80.114838998386,0.00065215312423773,1.0399844251081e-11,0,0.3,1,0.0026689876462047,0.00010813701673644,0.27849956672652,0,0,
3.0560000725091,-597.88379549551,153.22118061664,0.27850028039163,0.0030846945266184,763.88519994058,0.0015049927169457,-0.0033352258615196,1.885381937027,80.114883425248,0.0030846945266184,1.2235110883624e-12,0,0.3,1,0.0027521290637324,0.00011724418094288,0.27849968728434,0,0,
3.0695000728592,-597.88379656665,153.22118353303,0.27849967429032,0.004288922560429,764.08984959005,0.0014983059372753,-0.0033368521835655,1.8853889703751,80.11492272412,0.004288922560429,1.2235110883624e-12,0,0.3,1,0.0030594877569195,0.00011622807959486,0.27849961683759,0,0,